{
	"info": {
		"_postman_id": "1f2da741-93b1-441e-8f77-6e981e5df8df",
		"name": "employees",
		"schema": "https://schema.getpostman.com/json/collection/v2.1.0/collection.json",
		"_exporter_id": "4844625"
	},
	"item": [
		{
			"name": "Create employee",
			"event": [
				{
					"listen": "test",
					"script": {
						"exec": [
							"pm.test(\"Status code is 201\", function () {\r",
							"    pm.response.to.have.status(201);\r",
							"});\r",
							"pm.test(\"Name is John Postman Doe\", function () {\r",
							"    var jsonData = pm.response.json();\r",
							"    pm.expect(jsonData.name).to.eql(\"John Postman Doe\");\r",
							"});"
						],
						"type": "text/javascript"
					}
				}
			],
			"request": {
				"method": "POST",
				"header": [],
				"body": {
					"mode": "raw",
					"raw": "{\r\n    \"name\": \"John Postman Doe\"\r\n}",
					"options": {
						"raw": {
							"language": "json"
						}
					}
				},
				"url": {
					"raw": "{{url}}/api/employees",
					"host": [
						"{{url}}"
					],
					"path": [
						"api",
						"employees"
					]
				}
			},
			"response": []
		}
	]
}